aggregate_loss,segment_loss,mean_iou,obj_loss,noobj_loss,class_loss,accuracy,f1,precision,recall
14.069673719860258,0.00341512458186434,0.8497775457208118,0.4283893651195935,125.42347938295396,0.6995060609446629,0.5202359120628955,0.4870472947114825,0.5086828323299802,0.507313812183035
12.225530624389647,0.0016907652655549646,0.8731697797775267,0.40608685309924775,100.83530492631216,0.6228885215426248,0.6499118871258203,0.6281147370134198,0.6497601978805665,0.6480205223827634
10.989404769170854,0.0015884885017710207,0.8773857265237779,0.39847244949094834,84.94371483817935,0.5499103336580217,0.7269598710615736,0.7091969420710287,0.7348903602356167,0.7189016856275035
10.016767728896365,0.0015004808675647449,0.8779448597204116,0.3870715531446631,73.6707921709333,0.49100197189384037,0.7601736479506995,0.7497091358503718,0.7651866240007562,0.7602769707272142
9.478959810166133,0.0014802303558891956,0.8825605648850637,0.38976163300316014,65.67266987997388,0.4580617071617218,0.7775839180577233,0.7682058494137343,0.7820499881112811,0.7807537262219711
8.941932178678965,0.0014431846664821465,0.8801040786599355,0.3807462540469945,60.69466294182671,0.4185040598173463,0.8069692547556059,0.7971465219003522,0.8081813118090321,0.8068205611251282
8.61896560305641,0.0015586804478054603,0.8805141827416798,0.3710780165025167,58.698673127189515,0.39309161174155416,0.82870365462697,0.8199218150576014,0.8300134672616617,0.8256637114491938
8.444196757816133,0.0014006826583811613,0.8817868833504026,0.36713491732047665,56.43301745823451,0.38883861455888974,0.8305882018718543,0.8200712213724577,0.8276587289137223,0.8319853232259145
8.430448259626118,0.0012262117887018127,0.8873018016890872,0.36465607755004414,56.43589249868243,0.3911922958398622,0.8317207977505795,0.8218573486858257,0.835179155546635,0.8274117550951481
8.055592309860955,0.0012187272606954337,0.886603850220877,0.35960067719930694,52.411726679120754,0.36658104591899443,0.8446692916762613,0.8390658766970925,0.8470459885301184,0.847767956039505
7.801528817131406,0.0010789936203871322,0.8934002717336019,0.3563559013271025,52.58066593654573,0.3207082343952998,0.8708557839400332,0.8642341431992195,0.8705245810183663,0.8690522408814474
7.615817104067122,0.001131498438026606,0.8918866992942871,0.3458808468329528,52.89098529210166,0.30136032893307624,0.8771927868163412,0.8680615590619953,0.8741086963138475,0.8764692081101557
7.547642616998583,0.0009228725967183152,0.8940852941974762,0.3454126904585532,51.432462707398415,0.30345558410599116,0.8728510235893179,0.8647334973587779,0.8736814153726787,0.8699415577825039
7.324627376738048,0.0009561483762693584,0.8934861199250297,0.3350971802950852,50.433682411436024,0.2894380763173104,0.8863346763666846,0.8801508934441885,0.885420140330842,0.8857938606963692
7.052772170021421,0.0008739167699079391,0.8954867597610231,0.3369119723164846,48.35254526895191,0.25233108668573323,0.9050900920961682,0.9022150771264628,0.9073753118894716,0.9066878643086954
6.838278668267385,0.0007964574622978006,0.8994898242609839,0.32973873472609927,47.555756599184065,0.23182420408914964,0.9120408766358963,0.9088758463228339,0.9137913971815836,0.9134523806048341
6.770361661911011,0.0008547852980088451,0.8958242677506946,0.32353647254289136,47.78880126892574,0.22825655453498395,0.9082113443153659,0.9038986673759857,0.9094099991796167,0.9097928363851346
6.540060474759055,0.0008437589237206657,0.8993037234223079,0.3162946159995738,47.77248237246559,0.1968542139918085,0.9288218598910419,0.9258209032992338,0.9295412051770467,0.9291003793299265
6.578318243934993,0.0008602211884920955,0.8985603030711885,0.3188017407166106,46.80179085807195,0.20918196552093063,0.9191641970278955,0.9166071952318477,0.9208214083529002,0.921660618356476
6.372091009503319,0.0008567951112964362,0.8978854015706078,0.3132906694201723,46.87594858805336,0.1782205416303542,0.9362126132491849,0.9336661669457876,0.9377686251446959,0.9365827311087613
6.348734617233277,0.0008382717428275523,0.899928324279331,0.3155788795187301,45.61548195188008,0.1815960343690618,0.9316085136044799,0.9287400843231439,0.9312319632428208,0.9316001795359645
6.172613132567632,0.0008404078405347385,0.9013007373090774,0.3082302198227909,45.158629659622434,0.16563543800028072,0.9403864139170477,0.9354984005433388,0.9392338780025028,0.9376538889571469
6.347923085803081,0.0007586415137796262,0.9014147784974841,0.31539562870822246,47.1469104706295,0.16656557004898787,0.9435508273917182,0.9389659759746016,0.9400424111973615,0.942915702320686
6.055803616841634,0.0006967802380754736,0.9029275230945103,0.3035655388468137,46.04075051867772,0.14292532932900245,0.9534689363649823,0.9490638188219083,0.950737164841319,0.9522202757068694
5.706345058622815,0.0007247671792789506,0.9026388549615464,0.2918033526973829,44.23980703808012,0.11453942205047325,0.9665932463649638,0.9657787248386898,0.9673342442610924,0.9664028366046696
5.556608007067725,0.0007260743383406403,0.9045130369209108,0.2886943031279813,43.369115027170324,0.09951572252496603,0.9736688450598525,0.9732360918333635,0.9746597040765272,0.9737119873542734
5.554227465674989,0.000752749917965156,0.9039975395278321,0.2891108521393367,42.66677376580618,0.10520325991369428,0.9706103481982843,0.9693185419632947,0.9707077247348845,0.9710219122673375
5.4250470343090225,0.0007369008605117356,0.9052310496095629,0.2836012837757904,41.78243691580635,0.09924551662028075,0.9702075035350899,0.9684215331095998,0.9702885229997749,0.9704960805576935
5.292477130889892,0.0006753539266702276,0.9073393510447605,0.2763370249479537,42.00969188932389,0.08504907318228294,0.9736773672200068,0.9726148813292704,0.9731660947785403,0.9743199225181334
5.0789522500265205,0.000647430928756154,0.9072132044368321,0.2667118700753365,40.89345312875416,0.07278472056523676,0.9815130321362378,0.9806584352876723,0.9812802758840407,0.9820181931276776
4.981547083173479,0.0007016695860748145,0.908973268573246,0.26581447144290277,40.44463722289554,0.05953239232656502,0.9858265484262826,0.9851516692168222,0.9850970610625904,0.9867044482034246
4.831227552323114,0.000700315412735623,0.9079931662196205,0.25763502811628675,39.546090474204405,0.05481419819111508,0.9869191206978952,0.9865104857075648,0.9868664672154895,0.9871798284984277
4.637295234771002,0.0007378767661845947,0.9095062533068278,0.2517240373565563,37.124954632350374,0.05202350647573079,0.9913879957748428,0.9910368796262098,0.9909666196343425,0.9926489953290746
4.86658138888223,0.0006369755417345292,0.9110294083754222,0.26005960008986884,39.52192261105491,0.057340838085298274,0.9883942443535698,0.9879596040612811,0.9878643288818706,0.989167147203457
4.593769022396633,0.000560479305008018,0.9135470740378852,0.24993504728708002,37.19668458000063,0.04635636241263933,0.9896736286819297,0.989538374081934,0.9901312153896145,0.9898821739251557
4.446362177530925,0.0006331074515430142,0.9125297419608582,0.24248664008660448,36.848692636641246,0.0351790989220645,0.9948848831564511,0.9947183736810227,0.9946428812272156,0.9951915383685069
4.3162058648608985,0.0005457303580110397,0.911600900074792,0.23265856522179781,36.00826923430912,0.03729557087607977,0.9920804304693097,0.9913208106958107,0.9909693200996843,0.9927226904659471
4.223728997366769,0.0005510569915656114,0.9167197479142084,0.23364209130938568,34.76801097203815,0.029230412810445867,0.9966278413033894,0.9964896222998775,0.9964847967363454,0.9969762380476671
4.171305185272579,0.0005444354757790655,0.914628626335235,0.2265955671475875,35.19590445927212,0.028566394217445387,0.9955625622760573,0.995431366736366,0.9953440980217335,0.9958586750072262
4.053130269050599,0.0005241575299228388,0.9188065339648535,0.22160079813606687,33.88943941631015,0.028005866716811725,0.9930046442412311,0.9914850787655674,0.9907228058687593,0.993214654152325
4.153184158461434,0.0005336075404013859,0.9179603906850968,0.22577222853544202,34.78179291316441,0.03074081357206321,0.9933020086291519,0.9925031903481888,0.9922329889250593,0.9944695204917777
3.9091899167923705,0.0005084238723719905,0.9186673935443636,0.21476575161611275,33.150949008881106,0.02028853002758253,0.9978726578306263,0.9977782448684523,0.9975677670424055,0.9981624670070055
3.8275487309410465,0.0005010435606747042,0.9204339862815917,0.21267490702429936,31.96899079519605,0.019968957902627097,0.9973089179980955,0.9944769794031686,0.9949701331149752,0.9941373771730923
4.036765081541879,0.0006139737331126063,0.917133856860418,0.22081725213617562,33.113898489210335,0.03396552881421816,0.9917970801220104,0.9912580223332096,0.9909570866169797,0.9926610603599048
3.688771872293381,0.0004962224400212304,0.92057542573838,0.204238779957421,31.290291392613966,0.01587765258810823,0.9994047619047627,0.9993771844934644,0.9992951127819556,0.9995143745143753
3.5831286623364407,0.0004769650788431153,0.9214933424715013,0.19705935117478174,30.82565027569968,0.013773520790328758,0.9997732426303862,0.9997732426303862,0.999779541446209,0.999779541446209
3.505017450877599,0.0004557151600786869,0.9238110392812697,0.1928484596992059,30.189715915256077,0.012953677059461674,0.9993462924622352,0.9992591766176679,0.9991040009837009,0.9994778775707821
3.59034776687622,0.00045342460823973415,0.9248473899705069,0.1995471718588046,29.74801179340907,0.021041640123936334,0.9973809523809531,0.9946775006298822,0.9950396825396833,0.9946219715956566
3.6354825326374596,0.00047988545747290444,0.9233452285092972,0.20080825915589695,30.55434870341468,0.019456592510410004,0.9966847778520348,0.9966312864437904,0.9967019532495729,0.9969904103832681
3.4479782978693643,0.00043656759041209997,0.9261676144032254,0.18774014699553687,29.942655797988653,0.01425221256702947,0.9983579721687252,0.998185311747595,0.997809901738474,0.9987517644759716
3.4091563451857803,0.00047544559887076815,0.9253247564747217,0.18988427086659365,29.024360005817723,0.011343660214195203,0.9992631537709943,0.999244871305197,0.9991897432373631,0.9993546136403286
3.335113638923281,0.00043051312872043746,0.9269930072247036,0.18408610273359552,28.62302981482611,0.012189680770490437,0.9973922902494339,0.9947405085336127,0.9951499118165793,0.9945546737213412
3.373757339659191,0.0004875166008463579,0.9259025113923206,0.18731014469420418,28.944043992057686,0.010203192736269788,0.998807534709791,0.9987327653304195,0.9985763244691823,0.9990251150965442
3.278661092122396,0.0004376745026907125,0.9278174932040865,0.18129746119181317,28.29235109450325,0.009776086916053106,0.9991071428571436,0.9990336715482921,0.9988662131519283,0.9993197278911572
3.2454221702757335,0.00041184073300442724,0.9281737544233836,0.1780958777618786,28.440012038700164,0.008080697551786361,0.9994664532479666,0.9992810308599789,0.999069512862617,0.9995940405147574
3.241383098420644,0.00041789498984490773,0.9287516342269052,0.17895190796208757,28.216068479749893,0.00779419767832945,1.0000000000000007,1.0000000000000007,1.0000000000000007,1.0000000000000007
3.200978897866749,0.0004143145795116276,0.9288647808725871,0.17636863619739576,27.954009623754597,0.007504075692157217,1.0000000000000007,1.0000000000000007,1.0000000000000007,1.0000000000000007
3.1710921639487855,0.00042411159530060066,0.9297911671418994,0.17279069359499283,28.141723155975342,0.00679568480654058,1.0000000000000007,1.0000000000000007,1.0000000000000007,1.0000000000000007
3.1759635664167862,0.00039972723378002583,0.9297435591145164,0.17404347747963456,27.830946415189707,0.008396547663280563,0.9984126984126992,0.9981103552532131,0.9980158730158738,0.9990079365079373
3.154042584555489,0.00040718030383744445,0.930018556023401,0.1733191436755338,27.58294353787861,0.007933589102264256,0.9996947496947505,0.9996531946111785,0.999559082892417,0.9997795414462088
5.282638742810205,0.0006740864438532818,0.909306673776536,0.28791060431727333,33.958260944911416,0.14044981377591037,0.9437910482136909,0.9389782530015668,0.9436504497216265,0.9395856552109677
6.06885576248169,0.0007564157558446156,0.904340501342501,0.3130945662805249,37.41391050247918,0.21268647156714926,0.91519256407513,0.9119162946003719,0.9168495193136517,0.9172924560946316
5.5708224319276365,0.0006947100541260121,0.9085348239020696,0.29352593342108385,37.31368087586903,0.15328105686912463,0.9442957022652546,0.9399894312089033,0.9438498318332855,0.9432337269502832
5.164746454783849,0.0006624299944921823,0.9112518623707784,0.2817745238601688,35.48028291974748,0.11393494568099932,0.9624241968487554,0.9603331388093472,0.9604655311218606,0.9652221956201044
4.9704486415499725,0.0007352591151536057,0.9076646079146672,0.2722130570087642,35.68669508373927,0.09206135558807069,0.9703788325701039,0.9693316133472349,0.96999744383048,0.9719992639334594
4.748960148720514,0.0006621684070697007,0.9129566734745388,0.26290641828543615,34.666396095639186,0.07665302831354358,0.9738215345598268,0.9723295004761684,0.9726578159003896,0.9751841413156522
4.598948280016581,0.0006493366174167715,0.9148561438870807,0.2560251339205674,33.993739869859475,0.06715261300846506,0.980978692501765,0.9803702716723561,0.9807586351443892,0.9817395583112266
4.382629292351859,0.0006236622718772073,0.9117783504346061,0.24155601563711934,32.59841467842224,0.06680598105525687,0.9874762494374961,0.9849373989374189,0.9857204918041157,0.9855426524554324
4.29432997817085,0.0007075920712879218,0.9140539973501176,0.2433898601577514,31.640173079475527,0.054976915399680686,0.9842014250304124,0.9832051280230316,0.9831653965293855,0.9856846545108898
4.092315736271086,0.0005879887207594864,0.917739277321195,0.2349181454333048,30.719226148393417,0.040846578848903026,0.9891677233781507,0.9888238406876569,0.9894926172741568,0.990342564980754
4.010520191419693,0.0005452140994170878,0.9158154215131488,0.231616743145481,29.946688705020474,0.03885843318014864,0.9886506327582478,0.9881653820577815,0.9881383384590572,0.9890472323648416
3.971244147845677,0.0005990630423271103,0.9174090656969281,0.2379226344194086,28.477759406680143,0.03302687936229631,0.9915717279273843,0.991232174005348,0.9911956571870072,0.9920082261083667
3.7615774529320856,0.0005225670354010315,0.9187395785536083,0.22125796450390703,27.794794218880785,0.03132902729483913,0.9926627189404378,0.9917457128635311,0.9915634940833665,0.9932407946991286
3.7778911590576185,0.000554573312748258,0.9178296663458387,0.22794754835645326,26.72565351970612,0.03187199448889477,0.9925791400232675,0.9922283238650302,0.9923197228256759,0.9928706545959028
3.6355980634689335,0.0005270831645955492,0.9183799790011511,0.22176884997650861,26.39185041851468,0.019136300655118826,0.9961977156764821,0.9959974593902791,0.9962228435145108,0.9961412562389916
3.531332084110806,0.0004748495953136294,0.919907061353562,0.21496418888665852,25.547801161569264,0.020385152940261404,0.9957342436248784,0.9955905750906971,0.9956485442100526,0.9959573038617162
3.650497510319664,0.0005769489108977783,0.9188484346109724,0.21916945714740052,25.624756358918685,0.0349360496655295,0.9917409507536833,0.9915034530237271,0.9913187320953385,0.9930077657562133
3.5270881170318242,0.000541382886757627,0.9207258300175741,0.21410348476280297,25.062970653412844,0.026039538601051192,0.9937835805330633,0.9930093586807122,0.9922486879733262,0.9947372023108243
3.314432206608001,0.0004909103325488724,0.9213100463624985,0.20975108545953558,23.0095517900255,0.01279781855798016,0.9980557970890953,0.9978216654001983,0.9977873977873984,0.9980971409542845
3.285572914850143,0.0005309769177839844,0.9202402579405953,0.20591506200088633,22.656947597624765,0.01818398478725511,0.9953678136359051,0.9949638679883516,0.9944085605545647,0.9960567689909434
3.1584306501206894,0.0005121963765001659,0.9207756244947038,0.20104555694002008,21.679368019104004,0.012289127075789672,0.9983023346385422,0.9981001605843474,0.9977354325568618,0.998639400204527
3.2252763680049354,0.000523209454744839,0.9204473968536137,0.20442181374713234,21.697048346201576,0.018717930146810845,0.9954157582827313,0.995198950879971,0.9949755337255343,0.995927137127565
3.2134046100434794,0.00048429724452896545,0.9230508596178084,0.20168858984049173,21.738973405626087,0.02142968970777777,0.9948033259877552,0.9944382721846339,0.9942863467224647,0.9951730990978651
3.251221588679723,0.000526524752165151,0.92182772263648,0.2084079752824018,21.354334278712205,0.019358468782027353,0.994905734291696,0.994685967438229,0.9943952635768115,0.9954858744281474
3.1703798543839223,0.0004723583366458549,0.9229166081973487,0.20162345848918437,20.903841124640575,0.021318260505231883,0.9944927264731622,0.9942606588777337,0.993965952542634,0.9951498221018535
3.1820860306421914,0.000506087390794352,0.9200365765700268,0.20436585140192792,20.652867930276056,0.02065071137252427,0.994310815191271,0.9942578571100765,0.9943345772941545,0.9946309153914301
2.9532648892629707,0.00047312667729351054,0.9234183794922298,0.19249626666691802,19.374120969620964,0.011446078214840592,0.9975077912353172,0.997448847607654,0.9972805936347612,0.9977818792834279
2.8057380063193187,0.0004474839676910885,0.9263508485423194,0.18637100754985736,17.93434789824108,0.008614611358285717,0.9988490125394894,0.9987813430296477,0.9988609641387426,0.9988120069965315
2.762562723386856,0.00046194512526731525,0.9246849119663237,0.18627082435266368,16.990839731125607,0.009600537320938966,0.9982773133635209,0.9982146240943915,0.9980803918303927,0.9985099595393719
2.6853925074849805,0.0005060793287806778,0.9245093885868314,0.18154697309410756,16.88604896030729,0.004617969764074096,1.0000000000000007,1.0000000000000007,1.0000000000000007,1.0000000000000007
2.690518393403008,0.0004975301687250428,0.9243586210031357,0.1881820213286177,15.678703720607455,0.0044550547246462735,0.999430641821947,0.9994174176966251,0.9995223398001183,0.9993606701940042
2.538495722271146,0.00042925451298432316,0.9279610415299732,0.17808542175159336,14.578073690808008,0.005318287776476827,0.9991415916704357,0.9991284210703155,0.9992446084883068,0.9990614764424295
2.604190715721675,0.0005029241600072605,0.9266095237126427,0.1803372518218581,15.344487489215911,0.006215815608147605,0.9990000629881589,0.9989259417830852,0.9987444472738597,0.9992203783870458
2.734294613202412,0.00046316442452489496,0.9266143942636156,0.18791085009330083,15.859008955577062,0.011983946157713596,0.997436786162277,0.9973080955601732,0.9970868967892785,0.9978033870891021
2.9296623326483218,0.000456906268381216,0.9250752774495928,0.19542227805192983,17.27193894840422,0.021911597171325292,0.9937569546875423,0.9932386967432962,0.9932574188701646,0.9939175099784959
2.934250519389198,0.00048362792608245376,0.9240481588575576,0.19426587649014967,17.844796604580342,0.019386744646157788,0.995671666822461,0.9953669828844389,0.9950970511434177,0.9964288487549772
2.9339070547194708,0.00048090545305245867,0.925743721780323,0.19582613148090858,17.66189460905772,0.018029282763434042,0.9968267441093535,0.9965538842136753,0.9961765102847403,0.9973446786121862
2.856782413664318,0.0004428642532224734,0.9257150164672308,0.18724537017710863,17.104442350448124,0.025378433175824795,0.9930571333825543,0.9901548372016417,0.9899229922888342,0.9916894595353082
3.0992104212443023,0.00047647869365709266,0.9242724449861615,0.1995449070153492,18.834509020759945,0.031930676477569496,0.9893238818286199,0.9890182946942416,0.9892803221051234,0.989842962146824
2.822503623508271,0.000431090564060043,0.9274568534086622,0.1889276146474812,17.155823949783564,0.01465614531457143,0.9970980352029036,0.9969937155003082,0.9967959513154029,0.9974746907957699
2.6655139185133434,0.00045852457065955013,0.9278718351371702,0.18117075413465505,15.664811546840365,0.013654616531326495,0.996145366978701,0.9938489788699795,0.9944495319495327,0.9936673280423286
3.7009731133778896,0.0005167642784083546,0.9218352560013059,0.2305915732396811,20.137921314390873,0.07711547640307496,0.9727018758967609,0.971037231095117,0.9725502208841803,0.9739567613677564
3.193926663625807,0.00048546272454774546,0.9252115393441821,0.20454200778511306,20.326472903054864,0.02595109491524035,0.9934837314301751,0.9933277449112036,0.9933765879646211,0.9938687332578318
2.726077414694287,0.0004499871629738505,0.926473633637504,0.18079954106730245,16.989889360609506,0.013267492866448481,0.996147981511072,0.9955757279204969,0.9952686202686211,0.9971852264808928
3.0069023484275457,0.0004883051683175418,0.925190307791271,0.19716560232290442,17.736544540950234,0.029195501936353844,0.9903874213663226,0.9900142435961605,0.9908348981265653,0.9908146912611203
2.929363702024732,0.00047190125452823214,0.9264399172767761,0.19477236424646682,17.663710900715422,0.019218989823471817,0.9943812066069677,0.9933314842566948,0.9924903522380997,0.9953384202402292
2.6099093442871455,0.0004638788797376852,0.9280512498484716,0.17499941696841567,16.14418346541268,0.010077305570510882,0.9988770608382683,0.9988699831285167,0.9988571817615942,0.9989633460221703
2.484642937069848,0.0004271272362833163,0.930093758636051,0.16905673339016855,14.18902051259601,0.01649776981179861,0.9951754385964919,0.9948767605348531,0.9952333711262289,0.9967185592185599
2.5915768288430714,0.000458495406674624,0.9293132348666117,0.1771705924710702,14.420348610196797,0.0193121827579157,0.9947676259788067,0.992152485934341,0.9928791887125228,0.9924007209721503
3.5415074626604715,0.0004842883896662175,0.9250879188378652,0.2195829824278397,19.432777703754493,0.07432344575626924,0.9763985526903068,0.9756552237559957,0.9768819019437911,0.9776677783249055
2.873744839713688,0.0004258238736333118,0.9278769540408303,0.18515751819821108,18.599563488884577,0.018012454550314156,0.9960953356906393,0.9956063764842062,0.9951092117758792,0.9966248224435978
2.5465318645749773,0.0004372197760843961,0.929685704291813,0.17309758349484397,15.629352210059997,0.006380444915737911,1.0000000000000007,1.0000000000000007,1.0000000000000007,1.0000000000000007
2.3958505108242947,0.00044216320638936667,0.9304751309137497,0.16936371042688803,13.583902582289682,0.004161475983213649,0.9996220710506433,0.999618611746759,0.999669312169313,0.9996031746031754
2.2757739396322343,0.0004282370856878789,0.9321554156522901,0.1620039422109368,12.655643977816142,0.004162210361784443,0.9997795414462088,0.9997779997780005,0.9997665732959858,0.9998015873015881
2.137205697241283,0.00041128735148241607,0.9336832917871928,0.15523573367312243,11.412618080774942,0.0024321930981213444,1.0000000000000007,1.0000000000000007,1.0000000000000007,1.0000000000000007
2.1250627040863037,0.000422784117200348,0.9330662952529061,0.15447424950506827,11.143680750377591,0.00420443877385604,1.0000000000000007,1.0000000000000007,1.0000000000000007,1.0000000000000007
2.249756222679501,0.00042374212981055354,0.9343074380405365,0.16116063015596455,11.79691837704371,0.00923703954703385,0.9975407969455595,0.9973421738217405,0.9971344792773371,0.9978697141249669
2.184621493021647,0.0003973533365650736,0.9349502566314881,0.15534604977934602,11.87465598469689,0.0070882661508683605,0.9970401246263323,0.9941866867417632,0.9946097883597891,0.9939768564768571
2.3525419519061135,0.0004092357572600368,0.9327625225460722,0.1629295588419255,12.72580396939838,0.0169819781603153,0.9971818048206944,0.9941957478838906,0.9943813131313138,0.9942803047144791
2.281636470840091,0.0004258996671971604,0.9323967293141381,0.1605388895638051,12.517066982057361,0.00965293273232722,0.997109502049979,0.9969612770708732,0.9972309904601578,0.9970604796124485
2.1271582870256336,0.0003955453982277345,0.9348927476103345,0.15501053290559896,11.161382081016667,0.0034012141517855018,0.9995299145299152,0.9995187572182375,0.9995069745069752,0.9995629169542221
2.053972434429895,0.00040697392335690865,0.9352026813560064,0.15062031460305056,10.595142239616031,0.003195444473801346,0.999582289055974,0.9995776088213071,0.999559082892417,0.9996392496392504
1.9923727143378485,0.0004144177977296849,0.9369705773535228,0.14774839373098478,9.706300580312334,0.005500320623555344,0.9976170585193149,0.9970232967739074,0.9965828924162266,0.9984546703296711
2.21040590036483,0.0003999131832894522,0.934653776505637,0.15920322410102739,11.035377835470538,0.012921019375801463,0.99590149581691,0.9954953530279494,0.9948743386243393,0.9968781009554826
2.055637651965732,0.0004121836655065474,0.9364358896300905,0.14948604573746996,10.900301059087116,0.0027402270143139745,1.0000000000000007,1.0000000000000007,1.0000000000000007,1.0000000000000007
1.9699197610219312,0.00043597394414142003,0.9356655241951107,0.14984234119349693,9.227189448144701,0.001591382880481736,1.0000000000000007,1.0000000000000007,1.0000000000000007,1.0000000000000007
1.9222362949734637,0.00042255136479202874,0.9370622071954939,0.14816469302212,8.601419136637732,0.001681120088404795,1.0000000000000007,1.0000000000000007,1.0000000000000007,1.0000000000000007
1.854102710882823,0.00040533524012552146,0.9371965144361767,0.1406020236022342,8.783618493685646,0.0013749621244815422,1.0000000000000007,1.0000000000000007,1.0000000000000007,1.0000000000000007
1.8395288217635384,0.00039823257302775767,0.9383011086592598,0.14045790663462074,8.482730013983591,0.0017644074215486252,0.9997594997595005,0.999744483159118,0.999811035525322,0.9996947496947505
1.8735303084055581,0.0003729487078930375,0.9362568495765562,0.14311265787627137,8.579509057695901,0.0023126945752809406,0.9995681605975731,0.9995567324987729,0.9996362433862441,0.9995020230314355
1.8274761864117215,0.000403555049247405,0.9370658572704075,0.14000485990462552,8.323494313255189,0.0018470092163336215,0.999582289055974,0.9994222465486841,0.99920634920635,0.9997354497354505
1.796879172325134,0.0003747772886945602,0.9389715757634906,0.1385404084040414,8.017141603288197,0.0017488158628689164,1.0000000000000007,1.0000000000000007,1.0000000000000007,1.0000000000000007
1.759108888251441,0.000376460078915183,0.939726455817147,0.1359387819899157,7.823298634044709,0.001334757485777133,1.0000000000000007,1.0000000000000007,1.0000000000000007,1.0000000000000007
1.7378919067836942,0.0003830065173680114,0.9370795701231276,0.13531755256126562,7.542308985240872,0.001137166106139101,1.0000000000000007,1.0000000000000007,1.0000000000000007,1.0000000000000007
1.7129091790744237,0.00037754593218807485,0.9398356737598542,0.13261062661851092,7.554938441231136,0.001433639921915961,1.0000000000000007,1.0000000000000007,1.0000000000000007,1.0000000000000007
1.6781744446073261,0.000372040106216491,0.9404220557402051,0.1308916003705697,7.25917145184108,0.0008879280692037846,1.0000000000000007,1.0000000000000007,1.0000000000000007,1.0000000000000007
1.7099942678496949,0.00039354156406117257,0.9388837109482475,0.1346739742882727,7.136938492457071,0.000887963328620702,1.0000000000000007,1.0000000000000007,1.0000000000000007,1.0000000000000007
1.6785421584333688,0.00039485374986364304,0.9388115732442767,0.13186223847821116,7.060120713143121,0.0009878865737499877,1.0000000000000007,1.0000000000000007,1.0000000000000007,1.0000000000000007
1.6731914054779777,0.00038885868351581075,0.9398492910559217,0.1310950012116264,7.095160516481551,0.001107802691147674,1.0000000000000007,1.0000000000000007,1.0000000000000007,1.0000000000000007
1.655757665634155,0.0003588114473159076,0.9402053791379175,0.13081480111069385,6.819856819652376,0.0009645410909508923,1.0000000000000007,1.0000000000000007,1.0000000000000007,1.0000000000000007
1.6549506627378014,0.0003941022256430953,0.940787949259319,0.13213805578619475,6.543564662100778,0.00088426028187747,1.0000000000000007,1.0000000000000007,1.0000000000000007,1.0000000000000007
1.618513059048426,0.0003859313032493778,0.9417690852331738,0.12874122136937718,6.502788572084334,0.0008063429553918207,1.0000000000000007,1.0000000000000007,1.0000000000000007,1.0000000000000007
1.607141416697275,0.00039001948316004097,0.9404487221960036,0.12717952656870085,6.57469938482557,0.0009322087309180737,1.0000000000000007,1.0000000000000007,1.0000000000000007,1.0000000000000007
1.6113590952895938,0.0003749135385403081,0.941714075349626,0.12978098282058328,6.15928036636776,0.0007421225408117088,1.0000000000000007,1.0000000000000007,1.0000000000000007,1.0000000000000007
1.5910887902691249,0.000377950864875611,0.9429427820538719,0.12705440526192505,6.268281673628187,0.0010481659716052017,1.0000000000000007,1.0000000000000007,1.0000000000000007,1.0000000000000007
1.5657039909135724,0.0003548901267679736,0.9415220589864822,0.12483798936452893,6.227908554531279,0.0008308328935873717,1.0000000000000007,1.0000000000000007,1.0000000000000007,1.0000000000000007
1.5803545060611908,0.000373850251099568,0.9427374440526204,0.12747146588720618,5.9840756872343634,0.0009133521282256838,1.0000000000000007,1.0000000000000007,1.0000000000000007,1.0000000000000007
1.583731290839967,0.0004101803900532162,0.9410033112480526,0.12706302852916812,6.132123300007414,0.0008887777482977117,1.0000000000000007,1.0000000000000007,1.0000000000000007,1.0000000000000007
1.6168339252471924,0.0003664853312863945,0.942311467159362,0.12796961574534338,6.59023792213864,0.0011586751689532005,1.0000000000000007,1.0000000000000007,1.0000000000000007,1.0000000000000007
1.5690170100757055,0.000372613549823797,0.9419733077760727,0.12429115370226404,6.3373000829938855,0.001475467642540891,0.999582289055974,0.9995360195360203,0.9994331065759645,0.9996947496947505
1.5614540846574874,0.00037272186518209536,0.9434277893058839,0.12482491179576351,6.135275462317087,0.0009155057627977506,1.0000000000000007,1.0000000000000007,1.0000000000000007,1.0000000000000007
1.5471800395420623,0.00036355083971607703,0.9430011912943826,0.12487420467438086,5.85438899388389,0.0007801519903815852,1.0000000000000007,1.0000000000000007,1.0000000000000007,1.0000000000000007
1.528137229737781,0.0003781484925474118,0.9423841507661911,0.12256577471271159,5.933207911158364,0.0007856645687651407,1.0000000000000007,1.0000000000000007,1.0000000000000007,1.0000000000000007
1.4908653895060218,0.00037878206354608195,0.9427431869128394,0.1205655083407663,5.597257035119192,0.0006907006968431811,1.0000000000000007,1.0000000000000007,1.0000000000000007,1.0000000000000007
1.4693339807646615,0.0003781183563588194,0.944827930794822,0.11823631376896554,5.634641612332965,0.0006696240836592753,1.0000000000000007,1.0000000000000007,1.0000000000000007,1.0000000000000007
1.4746586850711274,0.00038115062602989217,0.9433091623442517,0.11893205872795999,5.589508412376284,0.0007913746352613321,1.0000000000000007,1.0000000000000007,1.0000000000000007,1.0000000000000007
1.5024633833340235,0.0003745352937592456,0.9436067962457264,0.11912359595150938,5.396247998116507,0.007908459543556554,0.9980158730158738,0.9954648526077104,0.9960317460317468,0.9950396825396833
1.5597079992294312,0.0003867946704993244,0.9436000036814858,0.12238842499486749,6.137857240343851,0.00539936698788508,0.9989334337160432,0.9987839746253264,0.9985670194003534,0.9991353443734403
1.4979889563151771,0.0003720894994478566,0.9433262575240361,0.11954343716599164,5.90805298941476,0.0010582885089596467,1.0000000000000007,1.0000000000000007,1.0000000000000007,1.0000000000000007
1.469095929747536,0.000403799632139785,0.9434991507303149,0.11832127782944885,5.603104381334213,0.0007417806499010084,1.0000000000000007,1.0000000000000007,1.0000000000000007,1.0000000000000007
1.4455735598291672,0.00038605646014617476,0.9455586965121922,0.11641101223889679,5.515473777339572,0.0007518841673103566,1.0000000000000007,1.0000000000000007,1.0000000000000007,1.0000000000000007
1.4390668216205778,0.00037253496736686044,0.9435913359361984,0.1162395020872946,5.423252272227454,0.00072929059428538,1.0000000000000007,1.0000000000000007,1.0000000000000007,1.0000000000000007
1.4288108476570678,0.00037499673545418827,0.9451996878026023,0.11499677732261634,5.469028606301261,0.0007033270386518635,1.0000000000000007,1.0000000000000007,1.0000000000000007,1.0000000000000007
1.4340193498702278,0.0003918020548997533,0.941892071848824,0.11596177449442507,5.379995972391158,0.0006885492636813848,1.0000000000000007,1.0000000000000007,1.0000000000000007,1.0000000000000007
1.4508090260482978,0.0003942598286253016,0.9436653554439547,0.11801363213268658,5.306453087027113,0.0006757386569901544,1.0000000000000007,1.0000000000000007,1.0000000000000007,1.0000000000000007
1.406366779690697,0.00037998588925753604,0.9458144349711285,0.1134685160008274,5.233388657607731,0.0016224448609136743,1.0000000000000007,1.0000000000000007,1.0000000000000007,1.0000000000000007
1.4003906391915821,0.00038158034148983426,0.9451451306305234,0.11339116365175751,5.225919033799853,0.000655021379229549,1.0000000000000007,1.0000000000000007,1.0000000000000007,1.0000000000000007
1.4382667626653398,0.00038135899592316863,0.9456136747012062,0.11564539274245146,5.300610927362291,0.002975091753493567,0.9995331465919709,0.9992861342067699,0.9990079365079373,0.9997165532879827
1.4057901104291284,0.00037632250803128024,0.9451853935680692,0.11334654362571965,5.329514235731155,0.0007934620497840186,1.0000000000000007,1.0000000000000007,1.0000000000000007,1.0000000000000007
1.4328975961321875,0.000392002515654317,0.9461642905833231,0.11642872903584729,5.263994801612127,0.0006900996405521356,1.0000000000000007,1.0000000000000007,1.0000000000000007,1.0000000000000007
1.3893746095044273,0.0003857546503186747,0.9467607618324343,0.11183910301723886,5.2489077836748175,0.0013218745103614987,1.0000000000000007,1.0000000000000007,1.0000000000000007,1.0000000000000007
1.4054646974518186,0.0003843366364255041,0.945699647305504,0.11401221254057002,5.196823079434653,0.0007159381140578291,1.0000000000000007,1.0000000000000007,1.0000000000000007,1.0000000000000007
1.379314597163882,0.0003785628298063623,0.9452310933007134,0.11160591151426721,5.15182441094565,0.000754280548674629,1.0000000000000007,1.0000000000000007,1.0000000000000007,1.0000000000000007
1.3734001886276972,0.00038118987064574575,0.9469958203179496,0.11089840746440346,5.170320758743892,0.0007988105502417532,1.0000000000000007,1.0000000000000007,1.0000000000000007,1.0000000000000007
1.3729282191821508,0.0003775038762810147,0.9461472247328078,0.11125266576732791,5.105663705439795,0.000646164348619918,1.0000000000000007,1.0000000000000007,1.0000000000000007,1.0000000000000007
1.3776254185608456,0.0003719150802706099,0.9459640752701531,0.11138199293239427,5.154970378156692,0.0008394703406035356,1.0000000000000007,1.0000000000000007,1.0000000000000007,1.0000000000000007
1.413464536269506,0.0004096710509018175,0.9450437620518701,0.11549830790756951,5.0625417459578745,0.0006611941789165101,1.0000000000000007,1.0000000000000007,1.0000000000000007,1.0000000000000007
1.384176464307876,0.00037576309474688394,0.94590838324456,0.11266618160279614,5.046994776006729,0.0006572088138440564,1.0000000000000007,1.0000000000000007,1.0000000000000007,1.0000000000000007
1.364521926357632,0.00037488526997797236,0.945295668783642,0.11061551023112048,5.073098435288383,0.0005674839165525526,1.0000000000000007,1.0000000000000007,1.0000000000000007,1.0000000000000007
1.3899088047799608,0.00037807846414506153,0.9464354694835724,0.11341079303418243,5.022160731610798,0.0005604791227914762,1.0000000000000007,1.0000000000000007,1.0000000000000007,1.0000000000000007
