aggregate_loss,mean_ciou,conf_loss,avg_pos_conf,avg_neg_conf,class_loss,accuracy,f1,precision,recall
5.577918470067383,0.6774993178374936,0.7029301585005339,0.4959878996081896,0.49597029521213304,0.6360054993640232,0.7155708725149611,0.7101231658808049,0.7198251587820204,0.7177556875802727
5.151356682867867,0.7286894251176009,0.6572639956168469,0.48004969343368026,0.47884434738887144,0.5346474074089752,0.8343574616214384,0.8326138225631606,0.837279305380957,0.8384696622644349
4.8758477466862375,0.7653738748090375,0.6248087053268796,0.46859695737493307,0.4618257231667113,0.5012247711823884,0.8634251963095159,0.8621299653046779,0.8658396462996044,0.8672890620357674
4.633083975412016,0.807279364526433,0.5948676248337632,0.4572950427663572,0.44399346396421224,0.48794919397772823,0.8695197503540139,0.8681845209827547,0.8717718684795415,0.8737480589490744
4.391230968278921,0.8305891381262013,0.5647269661833597,0.4482258371436714,0.4255327938264192,0.4701340288704544,0.8814738292057799,0.8802731283860749,0.8833918213340769,0.8862638659223812
4.1495235321644515,0.84614760189737,0.5324387679039735,0.4759196444686296,0.4072216516857007,0.45343213285426365,0.8872004787247022,0.8860067299918117,0.8890715748021594,0.8907744045642713
3.919509879941864,0.8540053274465665,0.5020263274187642,0.49143805690681824,0.3887825542564529,0.43526032688171856,0.897193087643392,0.896209809055233,0.8984543592966242,0.9007512431975798
3.7091562289209525,0.8620637207819514,0.47461661561825486,0.4846471054605675,0.3706588158224118,0.42262577122142975,0.9033308237132471,0.9024343967162882,0.9039623564781444,0.9066629766845844
3.509739015806656,0.8664879384294984,0.44807944199795513,0.4813878345887944,0.3525551787721433,0.4118402054585524,0.9074453292381012,0.9064654713507243,0.9077988480321787,0.9109927224292517
3.3234695373834975,0.871650602086342,0.4239118064618261,0.4727617574901111,0.33534522452866966,0.401891136018672,0.9120230202811347,0.9109899809405512,0.9120666875099864,0.9153720280899308
3.1522307240866017,0.8747426896022047,0.4015866847676855,0.46522263777396017,0.31907648157728835,0.3935892692857102,0.9148078398273799,0.9138250974777674,0.9147098721598297,0.9179410540095665
2.9931299285836985,0.8768250512290664,0.3811483743525672,0.4563203647046235,0.3037801061865441,0.38593340186568814,0.9186848385441595,0.9177263264671215,0.9184531877161579,0.9216002198332781
2.8411432410966393,0.8752309814055113,0.3613124260815177,0.45853986210831676,0.2891724430825547,0.3787733721593099,0.9219637518411147,0.9208872379521787,0.9214691098358515,0.9248895092028643
2.68338175970041,0.876196380795502,0.3403594702239929,0.5032899575450985,0.2751780055671957,0.37252712772036867,0.9201741883806069,0.919197025154174,0.9199558903071906,0.922835390171211
2.5470303138743278,0.8806256879097507,0.32286797185254257,0.5265592654330726,0.26232045934667664,0.3657170656089217,0.9218450208839077,0.9207969309561725,0.9212407836625685,0.9249699607497601
2.4269372467103043,0.8826413839490111,0.30769722084258255,0.5252738305331356,0.2504016648113136,0.3587842063798276,0.9252305209458532,0.9242875137199795,0.9247378623445395,0.9279775809437161
2.321817730177386,0.8855060182289696,0.2941200778144053,0.5238100832232295,0.23951449147623333,0.35580800523495154,0.9281040682663059,0.92713396006596,0.927356990217372,0.9308566327763934
2.2241348215558028,0.8853071217291398,0.28188122711342106,0.5204041635629393,0.22960015251061472,0.35222049509768194,0.9290095533750881,0.9281502556906374,0.9286788300777813,0.9312448647334021
2.1380679439399946,0.887291621413442,0.27108730661809816,0.5181852271805613,0.2206035459779248,0.3489212462814846,0.9315326484887181,0.9307180717043011,0.9310259731205992,0.9337424084949677
2.06408568675602,0.8873597629832702,0.2614864972575678,0.5146988817131402,0.21241450101110249,0.34992562737837485,0.9312252101498423,0.930298331429064,0.9304482456123875,0.9341420132875271
1.9892569256991883,0.8886463498896908,0.25270043242833806,0.5129065848920616,0.20500037765976756,0.34450188244153734,0.9339864134486783,0.9331545946298572,0.9334877032016008,0.9364293823968052
1.9298761895678551,0.8890147262472439,0.24485654583791414,0.5104346888875142,0.19825370072672371,0.3446828430853346,0.9337382167904775,0.9328197000686105,0.932940384143693,0.936284528110594
1.873847632550289,0.8904149393402131,0.2380089284658647,0.508911373102137,0.192303118142009,0.3432586706212325,0.9337342112849252,0.932804283609852,0.9330884432932816,0.9364549815852062
1.8234044439424362,0.8902354172574789,0.23202017443666817,0.5056434836921758,0.18694154171116645,0.34068154674881485,0.9336824153396442,0.9329874102816631,0.9333435260466421,0.9362658950054931
1.7768242417312237,0.8905469102965028,0.22656141903988394,0.5051760025652228,0.182214980445257,0.33902375985613337,0.935128976065384,0.934397683583304,0.935005415149024,0.937374349695575
1.7373064077966585,0.89140342831504,0.2216579535304691,0.504852095499379,0.17801226147845067,0.33766382656715527,0.9375685397624379,0.9366883182730942,0.9368615054596756,0.940014567226859
1.6996558087305003,0.8910913313145884,0.2175572240807607,0.5041355102338979,0.1744224016690103,0.3354323259752507,0.9389181665645305,0.9380195116031456,0.9380871056589718,0.941148671205682
1.6666530629160603,0.8914239096178485,0.213862789409486,0.5037273138007714,0.17114550366580433,0.33525008408734674,0.9371386955455154,0.9363538831083522,0.9366461344939914,0.9398284467473631
1.640979496121084,0.8920503389544605,0.21099320434323268,0.5010944760750305,0.1682341970375452,0.33748370306709374,0.9351804484868841,0.9342059386684696,0.9343926912185188,0.9380832335364457
1.609805269293023,0.8928615993600548,0.20737568860454605,0.5045751045712932,0.16553147830398846,0.3315817685335094,0.9392915181429079,0.9384034137443733,0.938518477974284,0.9414721092413861
1.5880264108420055,0.8936484909962189,0.2050329593650478,0.5026170134732829,0.16318346508850154,0.33255830889041077,0.9405635484627846,0.9396361991404728,0.9395383234823294,0.9429491451166776
1.564930377290823,0.8937668312532782,0.20263171559426818,0.5024982729039976,0.16097314346181246,0.33170170764343737,0.9389786591813044,0.9381117255908963,0.9381341031410764,0.9418186656148347
1.5380085638868142,0.8950723398345602,0.20012453284582377,0.5053279316145337,0.15903533522675684,0.3262368661655211,0.9425786249302199,0.9419417923724916,0.9420328911303903,0.9449622553166915
1.526302682674997,0.8935959003697461,0.1988431191729766,0.501109211169715,0.15747647760090994,0.33160529684783574,0.9388105000311449,0.9379665711243106,0.9381342360300183,0.9414994651012947
1.50145743694409,0.8948653209500196,0.19710129881050537,0.5023147352073464,0.1560416544679059,0.3237353355877013,0.9444695836967374,0.9437283656483302,0.9434865987249641,0.9466205966418509
1.4923723377186422,0.8952846992845035,0.19575238027950606,0.5031420849095407,0.15481602058635713,0.3270022298773884,0.9417175143377439,0.9409970682434062,0.9411499514276326,0.9437367220126204
1.4745609182006296,0.8954244956791463,0.19433802749217913,0.5023187122559268,0.15364816027012837,0.32352750595615287,0.9434216489201177,0.942682274540005,0.9425944725710641,0.9454943538802242
1.4628095652675888,0.8958903091009816,0.19307242367541133,0.5048654822880013,0.15277352738644273,0.32331763315599205,0.9441828620827485,0.9433522174895448,0.9431348127161306,0.9463705718644353
1.4566612566712753,0.8953140328193205,0.19284868032722832,0.5021329893517729,0.15214652206005022,0.3266887185588657,0.9420116934522813,0.9411647053649397,0.9411064929362326,0.944419862955132
1.4439341007532474,0.8962619776863615,0.19149924040702185,0.5049264673564278,0.15134126662723418,0.32240257488249024,0.9441487845788378,0.9434296052589116,0.9436021311931733,0.9462714003655074
1.4393139486390396,0.8961888690628015,0.19112179596936152,0.5043514980425572,0.15086515556748317,0.32271543048261614,0.9439358657631556,0.9430963522369253,0.9430638235319116,0.9461415490915246
1.4293533502232423,0.8965512721949914,0.19033218765767618,0.5060808207257549,0.15035069135523307,0.319889191958747,0.9465739022665229,0.9458718393540237,0.9459381596079999,0.9486194448607357
1.4268656933533794,0.8967037587523354,0.19026633854803995,0.5038055327015085,0.15004130121061363,0.3196672406569193,0.9465820087157146,0.9459174510985942,0.9460113385040989,0.9485561867528695
1.4202313348852849,0.8971852673639995,0.18957351675457318,0.5075582686774667,0.14988330431962302,0.3178699275557803,0.9479265728536609,0.947222343046146,0.9472401875025368,0.9498318858459184
1.4180162689550133,0.8977198748299969,0.18936224178812364,0.5083791800953829,0.14959742998419953,0.3184746436794922,0.9454676224687707,0.9447884396845418,0.9450289399531396,0.9474802929612798
1.4141118952898475,0.8974503354382273,0.18897603820023395,0.5108823414013638,0.14953582690794828,0.3172723267701908,0.9475686869814264,0.9469342582569732,0.9470258770413259,0.9495942945433731
1.4164624042950347,0.8961776376793588,0.1891237203277441,0.5087097535665337,0.14942953246961124,0.31948276281410665,0.9451985881680611,0.944383150464794,0.9442701553642658,0.9473079103987955
1.410600598265486,0.8976538303798673,0.18884528693158356,0.5117877786667797,0.14950381155448017,0.3164514368357914,0.9475153322468833,0.9468244235211082,0.9470281967311671,0.9492467130508134
1.410293458438501,0.8984208767383945,0.18898177698469945,0.5124252771162836,0.14940369174947796,0.31386114463088954,0.9493304183492574,0.9486661238476096,0.9484767026668549,0.9511844234663919
1.4080348245819718,0.8983443499203723,0.1887314954659856,0.513910548958352,0.14936102413872715,0.3150721984934784,0.9475992721565109,0.9468446240078894,0.9467038879507466,0.9497445951114626
1.4087202119310374,0.8985953525099105,0.18863748439336114,0.512693854232252,0.1493039122818824,0.3137621738642537,0.9490238077439489,0.9482491366666557,0.9482912762068778,0.9506532849363726
1.4096919036493063,0.8983316181905661,0.18896401238096872,0.5117217475294316,0.14934029992141487,0.31406969071619123,0.9485158654355206,0.947747449152755,0.9476345015936253,0.9503605631650026
1.4092585161772513,0.8982937602492853,0.18865540265942768,0.5136849642634493,0.14940281257423724,0.3165550372464871,0.947555060493966,0.9468645030678249,0.9467897120086372,0.9495578183686987
1.4055036225616122,0.898160197035946,0.1883706872022518,0.5172166026381618,0.14918617828805494,0.3126524513302994,0.9489616884087333,0.9482919894527284,0.9483505915891192,0.9507606367916193
1.4008267730232176,0.8982930619542201,0.18790796153456002,0.522860129055077,0.1488736025120832,0.3107077888437722,0.9498794849302773,0.9492767273387156,0.9495723620282914,0.9516717767088719
1.3978977106451034,0.898789473773126,0.18760944087169365,0.5223894969046169,0.14867765228949698,0.30972341674883974,0.949665783745251,0.9489037738604441,0.9487404367468966,0.9516748425529511
1.396137626513555,0.8999687546313931,0.1876932643892374,0.5254662445970991,0.14878605940154582,0.3083826645926087,0.9514501014209051,0.9508134635659867,0.9508523366118748,0.952903777417984
1.3971028395784588,0.8995914641757641,0.1877727550340861,0.5239527003928791,0.1487959783857431,0.30819157685313897,0.9507290630022105,0.9499976960868943,0.9498882202283979,0.952645343402615
1.3943502037182731,0.9000997807975277,0.18746132500193743,0.5257768423818963,0.1488850516382379,0.3090934328324317,0.9499705352377478,0.9492854107140848,0.9491233108296321,0.951859011245534
1.394074707819517,0.8996665268571069,0.1876549383435253,0.526488102804247,0.14901205782914007,0.3084250537118288,0.9510196005961222,0.950354661860252,0.9503983216781128,0.9527666061441225
1.3910846303148963,0.9006524768732856,0.18718735733706357,0.5305802429325429,0.14876529216335616,0.3050846505536622,0.9525299160380923,0.9519493420578082,0.9519548584338374,0.9541193318214937
1.393991832810688,0.9001373497343539,0.187145053303877,0.5301005362306729,0.1486887676740618,0.30871240296607205,0.9493875462069387,0.9487152625504682,0.9486541741078289,0.9513529805948248
1.3904589624585817,0.9004398417451298,0.1869747737471382,0.5302120055044248,0.14856534466726246,0.30696110011439354,0.9515614112822415,0.9508952148891796,0.9509656942761157,0.953368560755109
1.3911623315113348,0.9006646038609364,0.187195283940437,0.5298356013515559,0.1486617396665566,0.30734435610924105,0.9513406227226698,0.9506910573542418,0.9506944855264482,0.9532270645334874
1.390827959469016,0.9005641766572277,0.18712723848107937,0.5287088885728372,0.14878719578671257,0.30631999588001935,0.9517240399103946,0.9510074962785369,0.95072523142367,0.9539798759299215
1.39143769980123,0.9006169277908787,0.18708746992354464,0.5297198475430221,0.14865703810790484,0.30757235850745107,0.9512870982128299,0.9505598939258798,0.9503267657441371,0.9533924008532851
1.3817687299516468,0.901065229642682,0.18654225976984576,0.5351357217592062,0.14874873640791386,0.3011386347253148,0.95467301915861,0.9540742402100607,0.9540707735191728,0.9561229502613369
1.388852385647576,0.9012002946023155,0.18695628667938466,0.5317033228162401,0.14864682894815906,0.30464481857841663,0.9524574927108198,0.9517739997923991,0.9518707506450889,0.954077053950654
1.3871827177238973,0.900755317984342,0.1866599888470975,0.5335507682156976,0.14853395603751954,0.30388508248458407,0.9528230320206986,0.9521724776590618,0.9521228267758463,0.9546267876983224
1.386897197260767,0.9010094856774361,0.18682275682203156,0.5324093744414499,0.14856357933059938,0.30370024188531886,0.9530143850626795,0.9523536601705275,0.9522930020980256,0.9546137067572407
1.3808839435822906,0.9022137581655972,0.18612886228629788,0.5372165087223486,0.14833532277807626,0.30120147158944527,0.955727704003226,0.9549896656918078,0.9547293764808581,0.9577655250614416
1.3785051548384069,0.9025546635392558,0.18630715108930046,0.5360941135651808,0.1484139310002543,0.29876462723504527,0.9563189325171372,0.9557668273090741,0.9556562965653849,0.957992991262647
1.379244953313171,0.9021645247290127,0.18624385354103237,0.5386838233863975,0.1484795040783305,0.30102966606024684,0.9545630373091653,0.9539598660132795,0.953789672783476,0.9562170931451394
1.3745534082415296,0.9022734546941367,0.1862125156755209,0.5386908841003893,0.14846041307943617,0.2971720001992602,0.9575203502354165,0.9569773180497568,0.9568348213421911,0.958933412807822
1.3776892963140632,0.9028842845206438,0.18625133248027523,0.5371093596277091,0.14843728154386174,0.2985430591097799,0.9563379475226274,0.9558201394788529,0.9557991896347334,0.9578499642491056
1.3786990558551906,0.9034763631943435,0.18610962268298242,0.5398497433547189,0.1485172576172566,0.29836047379520414,0.9564496279584049,0.9557323766932713,0.9556456400354206,0.9579578807195889
1.3721870652382298,0.9029777059440902,0.18582472658119653,0.5381811804726201,0.1484220321975857,0.2956762525312731,0.9582544672014705,0.957692301335879,0.9576234938141824,0.9595492250888967
1.3791079233655443,0.9027791873980122,0.18608915194021017,0.5406744501805021,0.14846457276483213,0.29871637870195,0.9559540118658927,0.955349187007202,0.9553240281862448,0.9573457728656898
1.3719003089075168,0.9031708827940541,0.1856781304010477,0.5403186697866209,0.148430310095498,0.29722648972095195,0.9572029908905301,0.9565413007056416,0.9565098740193568,0.9584762839794968
1.3740655884833195,0.904089988408696,0.18587278109296232,0.5428578074493168,0.14846744142008336,0.2960897236524019,0.9576147957156934,0.9570550400810265,0.9569561399349372,0.9590552942271593
1.374154448509216,0.9037783541922757,0.186029385701293,0.5390752415562274,0.14841121431127136,0.296600151823896,0.9578451300667534,0.9572503518862908,0.9570561855654216,0.9595163155301742
1.3689959759957742,0.9044235582381837,0.1852317550425715,0.5455512787941457,0.14827215708556654,0.29405904148706125,0.9586505094038115,0.9581469588273085,0.9582871172593205,0.9599208260744023
1.372904350440999,0.9033767462530539,0.18533793463293463,0.5434024958671916,0.14823052385365948,0.29752028349184606,0.9563616812312584,0.955763317471065,0.9557000528622169,0.9580354967463641
1.369641902000923,0.9046404708476363,0.18539476877897842,0.5448353195793478,0.1483797222820078,0.29449008259831416,0.9582936247143395,0.9576999987569587,0.9578525840974899,0.9595174224158872
1.365200468518223,0.9050868623894187,0.18547942124596578,0.5454291236782892,0.1483247072891059,0.29300043238587714,0.9588508455509303,0.9581726422134352,0.9579940258167056,0.9601155423936327
1.3638443171493404,0.9057252643715724,0.18493479900836093,0.547871324226139,0.14819754415142086,0.29009665011713504,0.9610272540223226,0.9604490151471878,0.9602696207083711,0.962246547526454
1.3674445782250504,0.9059094117639728,0.18504287318647059,0.5467219124695364,0.1481775831912377,0.2926866469371396,0.9592069267212288,0.9585051691030433,0.9584137534473147,0.960772499595031
1.3634899828815206,0.9058073411519826,0.18496540157156385,0.5480573441843358,0.14816061662410754,0.29201671853998057,0.9598919481378042,0.9593469586937766,0.9593137066641328,0.9611493623969231
1.3652381208853994,0.9060644245729212,0.184620600574008,0.5482965731470025,0.14810984511039452,0.29383300713245775,0.9586916796967994,0.9580232764797674,0.9579086161446762,0.9603378068680918
1.359904392301874,0.9067357934156626,0.18465116451130115,0.551176895051791,0.14809164997146496,0.28840829862757866,0.9619135365274981,0.9614413771121536,0.9614709416911273,0.9631329389506783
1.3650985623439784,0.9061156191207747,0.18494806253261253,0.5491775584145505,0.14815572310027067,0.2921580811987725,0.9602028502982229,0.9595734388099463,0.9597077902056148,0.9615650390315416
1.3580194721376986,0.9069864090595998,0.18417705389205782,0.5522577230630963,0.14810050396011454,0.2901197760193438,0.9606296739328808,0.9599905274132411,0.9599708489226377,0.9619937043481847
1.3584538320215729,0.9067586244983304,0.18441543540334318,0.554680637618175,0.14805786818427444,0.28825225042349184,0.961783279703964,0.9612058229195306,0.9610328377495144,0.9631976910703405
1.3566797931342904,0.9076486195975194,0.1841576449344206,0.5550178871191398,0.1479539063430198,0.2866380153578899,0.9629771031349457,0.9625443237043221,0.9626372720551204,0.9639902113944021
1.3562775717841253,0.9075930313743119,0.18419133312831948,0.553309693622933,0.14786870680015807,0.2852953872302682,0.9645073790191998,0.9640026453314695,0.9636480887795418,0.9659662688911616
1.3492787480354316,0.9079897174613372,0.18363840264195022,0.558441204255297,0.14785335250636322,0.2826301125706912,0.9638816344449158,0.9633831638817497,0.9634662745707999,0.9647941690791684
1.3492448715982717,0.9077680560523794,0.1838069829850877,0.557598093620484,0.14783141994890922,0.2829281580857361,0.964653067835772,0.9641286496778803,0.9641882577595198,0.9657153209236957
1.3509547006147022,0.9078952746824193,0.18400734911025812,0.5566093236773318,0.1478647218433283,0.28346785324160434,0.9651503937785308,0.9646211519067422,0.9645720226646786,0.9662455282466875
1.349831065834376,0.9086750886573808,0.18369276238758492,0.5600754293699791,0.1478113668492062,0.2829782512129807,0.9649406250589343,0.9644071767165024,0.9643186068806073,0.9659784334068982
1.3514691672027919,0.9084381944118805,0.18355373597376595,0.5591065987958062,0.14781479212407486,0.28445049884788826,0.9631642577264691,0.9626177765068616,0.9626929755490967,0.964315891337599
1.3435323855418166,0.908602225909711,0.1832475576250264,0.5611120140299457,0.1477185058682591,0.282086746600585,0.9645286511944727,0.9639852809345458,0.9638589574959084,0.9655742567414815
1.3461631950001083,0.9081707336446031,0.18333095234045613,0.5614850230871712,0.14778116885858722,0.28117882711400627,0.9661880879517514,0.9655948617003248,0.9653662890123738,0.9673236377553719
1.3428773443873323,0.908882136294297,0.18299345268641612,0.5641433398063481,0.14767884819111315,0.28020099619808997,0.9648915449045481,0.964430010358928,0.9643604532525504,0.9660751546488218
1.341532937233365,0.9095202129546218,0.18317205390565666,0.564106855706363,0.14769179827610218,0.27775770075814404,0.9684772922432993,0.968031425882837,0.9678830149049021,0.9693356789759862
1.3401097963819009,0.909771714834017,0.18291199425035162,0.564030915687186,0.14762342499792835,0.27787623917238097,0.9673138921715795,0.966851401584894,0.9668859567410275,0.9681199934033671
1.3386103171643193,0.910234669763545,0.18265871944910458,0.5667985050578105,0.14760623742382928,0.27788285566485477,0.9674314842009079,0.9669373242060842,0.9667460632361469,0.9684033327194306
1.3375725093572766,0.9101666637444773,0.18272082928598418,0.5664522080886658,0.14752919535138317,0.2774317760319998,0.9673102415892696,0.9668078569283585,0.9667599759749161,0.9682449792428145
1.339129462636261,0.9101922737119859,0.18243320206854938,0.566999153998809,0.14760811196836995,0.2769870599757041,0.967628802002969,0.96716439733657,0.9671229701328339,0.9684659778597864
1.3350767792078848,0.9107733877962949,0.18227938819733838,0.5688646867427078,0.14747484800319136,0.27536886474142885,0.9683178576533814,0.967858000761817,0.9678770667234634,0.9691856470805295
1.3345427758648467,0.9110195844315573,0.1824732305719276,0.5701135640733388,0.1475570429900582,0.27498863626678666,0.9684128405784321,0.9679096423805648,0.9677047258242685,0.9693723290731479
1.3354522915390448,0.9120628033657814,0.1822090066679986,0.5701502943453534,0.14742999286967148,0.27476534041447376,0.9681776828916768,0.9677602009653643,0.9676774383920307,0.9689965374107687
1.3326446024706053,0.9111055094805943,0.1819857361557361,0.5726952074935223,0.14737059135585617,0.2738091477883649,0.9692165229320593,0.9687190034269431,0.968690276826739,0.9701183346258065
1.330996113579448,0.9120469219316316,0.1817675549048988,0.571402253887625,0.1472908831129983,0.2738697180741521,0.9690993953374736,0.9686419564090141,0.9685512006072359,0.9700143958878724
1.329524102734356,0.91194153715063,0.18163107674107848,0.5736612303900954,0.14733837898265373,0.27316573857184245,0.9694818233976126,0.9690275703736163,0.9688452592637419,0.9704493431382532
1.3261423761928628,0.9124481520247869,0.18153098370297716,0.5771571846296902,0.147358345784846,0.27101376864052934,0.9702811975402843,0.9698490964705059,0.9697271257573941,0.971170454894303
1.3238962439663695,0.9124180077160384,0.18143682089291824,0.5783064334292394,0.1473162516668883,0.26999567178529754,0.972134139045802,0.971704062286645,0.9718259469031987,0.9726187828287007
1.3273789155774003,0.9128446223074619,0.1814054306007606,0.5769466801387508,0.14729050682839132,0.2711405349052373,0.9711929756742291,0.9708242043587189,0.9708075243161371,0.9720483688609451
1.3248056575534795,0.9136060383154013,0.1813268796881525,0.5773996454617303,0.1471808718781593,0.2698820577808188,0.9724774809679753,0.9721213715302937,0.9721562446110776,0.9730562101704096
1.3230657218917607,0.9137498781879201,0.1811413367589316,0.5802404948366366,0.14724759348981953,0.2690330935876006,0.9719866653593225,0.9715870715530117,0.971598224000917,0.9727241934340075
1.3185472435098349,0.9141553481796783,0.18067493060874634,0.5831689500227208,0.14708065578096494,0.2665551291625567,0.9729083559728954,0.9724889248843387,0.9724704676249539,0.9734785058387198
1.318440468976815,0.9138502297685722,0.18075023122744283,0.5817958198911769,0.14704759063597947,0.2661197773351684,0.9740825954159386,0.9736933534512485,0.9734941646291096,0.9749343243524127
1.3229631295372155,0.913650368906511,0.1810298915733707,0.5804075116818297,0.14708564729306126,0.2690231045194865,0.9721536505370012,0.9716860639990319,0.9715999476489272,0.9729218046565788
1.319353185856569,0.9143289871978244,0.18053874374109022,0.583994002509677,0.14693453222136285,0.266996053243502,0.9730393400957581,0.9726313608413171,0.9725947717436719,0.9737149911499152
1.3102105489268214,0.9152444885082902,0.17982689480700256,0.588323451343052,0.14681943429948616,0.2635196691013823,0.9743614095486629,0.9739713153893172,0.9737746602312349,0.9751355420087129
1.3125031055796763,0.9154757182664877,0.17988337573024105,0.5888372813540743,0.14692746695087303,0.2648794795197199,0.9741602634417567,0.9737469583244246,0.9736131717587033,0.9748090899188705
1.3114994693254716,0.9156887391018462,0.1798159575633294,0.5910613717479329,0.1468089962716347,0.2625789555376894,0.9756391202067315,0.9752745662133753,0.9751071464864643,0.976337275828893
1.3097457646677486,0.9154455860455831,0.17935061042534398,0.590518818611267,0.14668432104905219,0.26365317310044223,0.9749946485262706,0.9745588271203568,0.9745211687643843,0.9756542894984989
1.3118135134379074,0.9157796897323904,0.1796769114865735,0.5914206075286048,0.1467035889369794,0.26398330994199404,0.9748873339388752,0.9744125235411037,0.9744312848889288,0.9754018724382338
1.305837930864113,0.9155168653126765,0.1793081138212344,0.5920780795107257,0.1467031040233111,0.26202811544395943,0.9753604304560827,0.9749940986542417,0.9749701627556571,0.9759194146095507
1.3037299245676697,0.9167147021683473,0.17916382224296482,0.5933145611212935,0.1467052020516175,0.2607564839728804,0.9774087087076294,0.9770829402510087,0.9771705058310575,0.9778737535778085
1.3080974600825532,0.9167765717088587,0.17920285180655277,0.5955259772766359,0.14665148764606417,0.26163778635113766,0.9755249124107122,0.9751220917227204,0.9748764224140622,0.9764582043671174
1.3044746374373197,0.9164750613978886,0.17908414276594395,0.5950791500205915,0.14655115148481648,0.26172695495356524,0.9754946507249703,0.9750020524892522,0.9748536907858504,0.9764419815627403
1.3001608205681574,0.9172604437227606,0.17887749916654277,0.5970288019866262,0.14660030239292812,0.25908844195838004,0.9770420608226126,0.9767193071485981,0.9766373350335589,0.9776158808690193
1.3015338085531214,0.9167387167828082,0.17891776197621065,0.595751907861545,0.14651285391216798,0.25889539375376236,0.977527520013326,0.9771864842729225,0.9770935236713937,0.9781366752617294
1.3042367202479657,0.9176935420019088,0.1788985032046442,0.597412998181479,0.14652067476710207,0.25977754003310244,0.97728311355114,0.9768440759407814,0.9765616021285674,0.9780600730758274
1.2981689819475493,0.917787956728414,0.1784143336891266,0.5986138636207624,0.14649896993358175,0.25802456709373733,0.9772865709861491,0.976930659419707,0.976804015515474,0.9779468583797759
1.2957129454225045,0.9183838333540817,0.17828482892549352,0.6011879869754397,0.14644603514682092,0.25679201003443347,0.9782381409557064,0.9778225489963086,0.9776395787534516,0.9788413440849106
1.2948606915590242,0.9187511396817293,0.17800547209818188,0.6023031480159436,0.14642382612369467,0.25663981707169314,0.9782898363348821,0.9779426053131146,0.9778873251062531,0.9787654367075512
1.2943372635983519,0.918713025392017,0.17779579558077424,0.6042371700638142,0.14637726179198732,0.25553220044737385,0.9785377477829938,0.9781856614544457,0.9780801765741336,0.9790923831178591
1.2941225405307957,0.9191888428100519,0.17789752876290155,0.6048886036565958,0.1463581101317716,0.2552094496820246,0.9786772307368216,0.9782883509004177,0.9781507795311335,0.9791046122534433
1.288749264830819,0.9192991920872208,0.1777161494900271,0.6074414434956338,0.1463304749860781,0.2544143456484461,0.9799676504557162,0.9795689195602687,0.9795545254252517,0.9802835682699809
1.2889951194528002,0.919727836628701,0.17774199379411165,0.6063774711205916,0.14638237208262578,0.25412461782158663,0.980415353429377,0.9800624635468449,0.9799957451928395,0.9808448863366444
1.2829593268190294,0.920253913388558,0.1772593983904186,0.6119671917866243,0.146265456575796,0.2521097707985324,0.9804351459861987,0.9801777441171869,0.9801884655647454,0.9808555013585846
1.2894650516794308,0.9203930866804443,0.177431526216119,0.6098976606922096,0.14627680753197028,0.2528019396162509,0.9805865303728338,0.9802893714166055,0.9801982024764802,0.9810822367062938
1.288354898855939,0.9206535593011739,0.17733078564381743,0.610625092589651,0.1461477465153602,0.25196760120215234,0.9811851693020445,0.9808579192410336,0.9805949960815842,0.9818953010072865
1.2813236136746602,0.9210052882483555,0.17672614647242108,0.6147559393658336,0.14602945442795212,0.25084965492328676,0.9812778844247222,0.98097979250725,0.9809503922741248,0.9816653455326245
1.2853588324575245,0.9211592368155637,0.17692664021318188,0.613728269732742,0.14605082367574623,0.25201808379217644,0.9808057778497903,0.980451099925992,0.9803065698708929,0.981409638723244
1.2819397094126972,0.9214696127655491,0.17647170954886174,0.61601953469587,0.14596001966751265,0.24981725275139605,0.9824570860848023,0.9820882762052864,0.9818707798833782,0.9829002638047715
1.2804550211927104,0.9216775427881188,0.1766037080157632,0.6159369959256193,0.14592847440731654,0.2496201057044258,0.9817152492134211,0.981398409823839,0.9812036318952739,0.9822947066740954
1.2802350626082277,0.9211663317066545,0.17652596428303852,0.6167141129788564,0.14595301038742917,0.2503075726875445,0.9807628515722664,0.9804650081607647,0.9803742571021672,0.9812126622906692
1.2791109585826639,0.9219308624207271,0.17628532696545615,0.6174226102924819,0.14585171610305409,0.2487501353967697,0.9823442770631928,0.9821029597381843,0.9821074751262525,0.982693985695014
1.277471118018555,0.9223042859240694,0.17605620054923526,0.6186161868967449,0.1458485319995085,0.2488347066342561,0.9818200067048554,0.9815402866421477,0.9814487779268024,0.9823369200516993
1.276010941199172,0.9220145466420281,0.17591971999274897,0.6206895262945206,0.14582180461990157,0.2474699168320485,0.9831754711516114,0.982926413137374,0.9828730672649028,0.9835508211045525
1.2674243138411494,0.923409846443901,0.1753869663886962,0.6239822875597287,0.1456860406046638,0.24562262677080265,0.9837498996627281,0.9834883625045113,0.9833491785709985,0.9842571835000177
1.2732682877439803,0.9226443059237663,0.17558513356956573,0.6242061763894163,0.14573920731514353,0.2468237797069245,0.9832204646531655,0.9829232464791107,0.982684949567284,0.9837381898929369
1.2737783862323284,0.9230808373389212,0.1753565319144952,0.6260612460278991,0.14563988607508047,0.24613290821902895,0.983060605318841,0.9828097473411606,0.98272160101506,0.9834915495534486
1.2695652577612129,0.9239335018660211,0.17527849749134455,0.6266042919124473,0.14565971736016314,0.2445672264132504,0.985093002590175,0.9849145019229116,0.9848947046233101,0.9854566975867902
1.2696341179250699,0.9234064681204787,0.1750079500669817,0.6271591720111542,0.14555439919690996,0.2447921193954422,0.983892278755564,0.9836675153473597,0.9836768348457827,0.9842122066740263
1.2701574302301166,0.9237070436561651,0.17491991031501022,0.6284865743153358,0.14553789853672783,0.24490929367365669,0.9835424871060524,0.9833213434330331,0.983358195151284,0.9838311173036484
1.266436939155507,0.9237155907037781,0.17472228526315287,0.6280623247279922,0.14547421812822697,0.244485178398677,0.9838746237959541,0.9835599706492514,0.983474815282382,0.9842256364977862
1.2639358978930526,0.9240669174407555,0.17458887672844295,0.631142814644522,0.14546462080450664,0.24350983876307597,0.9847643622833963,0.9845244140525501,0.9844458893041683,0.9850516431085482
1.261906326463229,0.9248406398964009,0.17449763844625954,0.6320473008604871,0.1454611856022609,0.24203746965745604,0.9851030946067285,0.984872858098089,0.9847469340658249,0.985483627223441
1.2629305091976788,0.9248038118716936,0.17440133425049548,0.633815738903367,0.1454010985340745,0.24136086474589225,0.986211800535521,0.9859964396348594,0.9859448519413487,0.9864796870097399
1.2634386972683231,0.9246592756155487,0.17403486694773782,0.6346508825186039,0.14534401518731035,0.24324470863432748,0.9849137803887493,0.9846484469530683,0.9845437604494404,0.9852569721269521
1.25953256405466,0.9250118395661919,0.17410506346442184,0.6350209066188324,0.1453126022674634,0.2416081445353898,0.9859601313117534,0.9857612399630115,0.9857462814074837,0.9862624162044937
1.261835036562065,0.9255814723259931,0.17408082749637374,0.6350345744969295,0.14527292178090678,0.24213413988402416,0.9849991575439161,0.9847054129647596,0.9846774605558342,0.985280847743345
1.2557302656858589,0.9259008112907838,0.1739185020300646,0.636606921550381,0.14529352856576166,0.23969746432868647,0.9870609962653507,0.9868387076903936,0.9867157048930072,0.9874311183430569
1.2536307555550157,0.9257285541904425,0.17338993191019098,0.6382672591530316,0.14526556630794696,0.23911966838433918,0.9872104658835474,0.9870260010023151,0.9870160158409322,0.987496195559656
1.2556109546322807,0.9264706389906177,0.17371843364880565,0.6400995040892908,0.14522088240317205,0.23966702222554864,0.986006463347379,0.9857799903288064,0.9856745798135709,0.9863347447676071
1.2566599820041384,0.9262762562638488,0.17351411923752685,0.6408186981886921,0.14518162031349233,0.2399474812070854,0.9863068218366298,0.986099896053839,0.9861141813115142,0.9866042142450023
1.247911307708358,0.9264324108221116,0.17337169174135206,0.6415273079138776,0.14517190915136152,0.23889517964494048,0.9869194407055975,0.9866976456672752,0.9865977423024607,0.9872759833852023
1.2492329840091514,0.9266135787091598,0.17318528654708337,0.6421188878092341,0.1451654933870862,0.23783889307885311,0.9876737767637854,0.9874988353784974,0.9874784702926606,0.9879105884401526
1.2543535678367301,0.9265539737144031,0.17347163495682552,0.6429747600434809,0.1451796799992373,0.23950899270545714,0.9862391218503705,0.9859990879965517,0.9858886100552416,0.986607831884755
1.251739504053018,0.9266325346284234,0.1729442674595975,0.6430604784953883,0.14517121200046781,0.2381981651903598,0.9875861097210834,0.9873798607024036,0.9873239062786677,0.9878124113705227
1.247670111455892,0.9267201856276744,0.17326096708481667,0.6432307225525001,0.14519275562684594,0.23813385288243683,0.9875742429412038,0.9873599397039323,0.9873140029635042,0.9877891917670726
1.2500879751634455,0.9274925960811709,0.17295917411281808,0.6449388025737393,0.14509042361860558,0.23715288206167648,0.9875179417358154,0.9873449471355308,0.9874216183982468,0.987677001664391
1.249335330514727,0.9273837277936633,0.17295487718059321,0.6468096293892641,0.14507901128095443,0.23701117068609898,0.9878230200248439,0.987609227966909,0.9874793288960071,0.9881517918453815
1.247387901877323,0.9275807949908699,0.17265847211580834,0.6465792384304865,0.1450656267268333,0.2371326005178846,0.9874073472750665,0.9872211568121966,0.9872156604487721,0.9876710672217145
1.2477979139906932,0.9278966619447206,0.172690407824791,0.6476751857764461,0.14504132239449205,0.2363516961602121,0.9880109972855438,0.9878123162908469,0.987814306835053,0.9882256760568013
1.2447885410572441,0.9275509896532517,0.17241840144954187,0.6485947113830757,0.1450252009331912,0.23580261811869793,0.988303201213004,0.9881296406105975,0.9880283847830326,0.9885975289068107
1.2443203709635935,0.927652846587705,0.1726722708434648,0.6478286206237661,0.14501206482598247,0.23642696748473344,0.9885477037494627,0.9883455817956553,0.9883496362059697,0.9887401138151974
1.2451878807085965,0.9280586763341468,0.172792832164368,0.6482002222817985,0.14503572218947938,0.23570185847237185,0.9882830520264904,0.988090972892643,0.9879855245206991,0.9885413363431084
1.2433842914860422,0.9277720657305989,0.17241366128853658,0.6497890728222105,0.1449666147565347,0.23491133830250122,0.9888996680978138,0.9887655297382986,0.9888227067971236,0.9890918909782046
1.2469774998300436,0.9281425417654127,0.17232829066499902,0.6510647938341957,0.14495358288341964,0.2360742084190667,0.9876618827599478,0.9874374833500946,0.9872432100410786,0.9880729793836026
1.2459635143357566,0.9281955929952582,0.1724138499423526,0.6508182669235113,0.14496411455840585,0.23578122309337557,0.9881718699207964,0.9879357864485306,0.9878151697434259,0.988506073560743
1.2444599148057656,0.9282804038897228,0.17211132923640865,0.6505293414171683,0.14496347363348352,0.23543692410476785,0.987985091928996,0.9877432853216819,0.9875671015536732,0.9882891477906762
1.2453144997116026,0.9284525041711582,0.17216749723526203,0.6512888868649798,0.14493399709732335,0.2351440483638589,0.9878692500415188,0.9876505273755526,0.9876091240489401,0.9881322309792877
1.2410906753565893,0.9279888486582197,0.17211540406123957,0.6527580010024083,0.14491112898385727,0.23493031021325367,0.988009075302367,0.9878171609815224,0.9876468925736192,0.9883766041701902
1.243305391573971,0.9280670049121611,0.17211658473596883,0.6517062217885562,0.1449280770423182,0.23558414017389548,0.9880799848332934,0.9878895721684873,0.9878649774807592,0.9882861718168011
1.2411126061506732,0.9285564404031447,0.17183750207925438,0.653997487855475,0.14486721820301485,0.23381162728935928,0.9892978598781128,0.9891296648873086,0.9890717592358587,0.989530113850248
1.238794824618313,0.928687782953102,0.172182532752567,0.6534630415158542,0.14489617948475034,0.23330184301763587,0.9894843923123979,0.9893254433165841,0.9893290786295207,0.9896299861511071
1.2438289208140805,0.9285260616871501,0.17220953514743947,0.6516882767253024,0.1449340221950786,0.23473886407864666,0.9888153316853477,0.9886102100021015,0.9885292040169563,0.9890780769866686
1.241064503425506,0.9286642691630341,0.17227181492418783,0.6527901064628077,0.14491920640259665,0.23441468749966002,0.9884047270159539,0.9881905469600744,0.9880810356483466,0.9886669075836494
1.2420024228935962,0.9288235228397654,0.17187567935228457,0.6526625923536441,0.144874919141965,0.2336604258528462,0.9895817835569142,0.9894216814113223,0.989360622606018,0.9898124761122036
1.237972783363932,0.9284860196960006,0.1716928472935939,0.654145381449576,0.14486375447049707,0.23470636086358393,0.988954802556327,0.988779329698105,0.9887212463887912,0.9892417595536134
1.2416851622302347,0.9287147558586176,0.17187161247945074,0.6533005864316532,0.14486119553594845,0.23435913691298849,0.9886828011866746,0.9885069237765293,0.9884815843569431,0.9888693493830654
1.2404902903691228,0.9291057359719981,0.17188817915164242,0.6534082827367752,0.1448737389013482,0.23439498257830854,0.9889658634004487,0.9888145393196138,0.9888115613566038,0.9891494668575959
1.241758617605296,0.929173952034172,0.1719721063816721,0.6540861471262508,0.14484959644246104,0.23354935631250195,0.989260823184592,0.9891136092473787,0.9890696363515815,0.989484771462435
1.2424470577136606,0.9285771386140952,0.17205876510761942,0.6534906234440772,0.1448818532566607,0.23489978046651985,0.988223284089796,0.9880141875045485,0.9879831471756559,0.9884192531016253
1.2431982424524086,0.9286014722507068,0.17190270547190545,0.6537257947815139,0.1448692451176498,0.23467793850717822,0.9884641346774925,0.9882496496838356,0.9881087903130813,0.9887474535958676
